Designator,Footprint,Quantity,Value,LCSC Part #
"C1, C12, C14, C17",0603,4,10uF,
"C10, C11",0603,2,22pF,
"C13, C15",0603,2,100nF,
"C16, C2",0603,2,1uF,
C18,0603,1,0.3pF,
"C19, C20, C21, C22, C9",0603,5,1.5pF,
C3,0603,1,10nF,
C4,0603,1,33nF,
C5,0603,1,1nF,
C6,0603,1,2.2nF,
C7,0603,1,4.7pF,
C8,0603,1,15pF,
J1,PinHeader_1x08_P2.54mm_Vertical,1,Conn_01x08,
J2,SMA_Amphenol_901-143_Horizontal,1,Conn_Coaxial,
L1,0603,1,2.3nH,
L2,0603,1,12nH,
L3,0603,1,7.9nH,
"L4, L5",0603,2,2.4nH,
R1,0603,1,22k,
R2,0603,1,1M,
R3,0603,1,10k,
"R4, R5",0603,2,1k,
U1,QFN-20-1EP_4x4mm_P0.5mm_EP2.5x2.5mm,1,nRF24L01P,
U2,SOT-23-5,1,TLV75733PDBV,
U3,QFN-16_L3.0-W3.0-P0.50-BL-EP1.7,1,RFX2401C,C19213
X1,Crystal_SMD_3225-4Pin_3.2x2.5mm,1,16MHz,
