Designator,Mid X,Mid Y,Rotation,Layer
C1,72.0,-40.225,90.0,top
C10,49.8,-34.0,180.0,top
C11,62.2,-34.0,0.0,top
C12,73.0,-35.0,90.0,top
C13,75.0,-35.0,90.0,top
C14,65.0,-35.0,90.0,top
C15,67.0,-35.0,90.0,top
C16,57.65,-49.225,270.0,top
C17,55.65,-49.225,270.0,top
C18,52.7,-44.225,90.0,top
C19,51.1,-44.225,90.0,top
C2,70.0,-40.225,90.0,top
C20,46.3,-44.225,90.0,top
C21,44.7,-44.225,90.0,top
C22,39.9,-44.225,90.0,top
C3,66.3,-50.225,270.0,top
C4,71.4,-50.225,270.0,top
C5,69.7,-50.225,270.0,top
C6,63.1,-41.825,90.0,top
C7,64.7,-41.825,90.0,top
C8,60.9,-45.725,180.0,top
C9,58.5,-44.925,270.0,top
H1,35.0,-35.0,0.0,top
H2,35.0,-55.0,0.0,top
J1,78.0,-44.999999,180.0,top
J2,34.5,-45.0,90.0,top
L1,66.3,-41.825,270.0,top
L2,66.3,-44.925,270.0,top
L3,64.0,-45.725,180.0,top
L4,48.7,-45.225,180.0,top
L5,42.3,-45.225,180.0,top
R1,68.0,-50.225,270.0,top
R2,56.0,-31.0,0.0,top
R3,54.0,-41.0,90.0,top
R4,55.6,-41.0,270.0,top
R5,57.2,-41.0,270.0,top
U1,70.0,-45.225,270.0,top
U2,70.0,-35.0,0.0,top
U3,55.5,-45.2,180.0,top
X1,56.0,-34.0,0.0,top
